Universidad,Ciudad,Año de Fundación,Rector,Descripción,Número de Estudiantes,Tipo,DBpedia_URI
Escuela Superior de Música Reina Sofía,Madrid,Desconocido,Desconocido,"La Escuela Superior de Música Reina Sofía es un conservatorio privado español fundado en Madrid por Paloma O'Shea en 1991. La Escuela es un programa de la Fundación Albéniz. Lleva el nombre de su Presidenta de Honor, la Reina Sofía.",150,Desconocido,http://dbpedia.org/resource/Reina_Sofía_School_of_Music
Universidad de La Coruña,La Coruña,Desconocido,http://dbpedia.org/resource/Julio_Abalde,"La Universidad de La Coruña (en gallego y oficialmente Universidade da Coruña) es una universidad pública española con campus en La Coruña (Oleiros, Maestranza, Elviña, Zapateira, Bastiagueiro, Oza y Oleiros) y Ferrol (Esteiro y Serantes). Fue creada en 1989.​​​ La Universidad de La Coruña imparte, entre otras, las carreras de Biología, Ciencias Económicas y Empresariales, Derecho, Filología, Ciencias de la Educación, Sociología , Ingeniería Industrial, Ingeniería Eléctrica, Ingeniería Electrónica Industrial y Automática, Ingeniería Naval y Oceánica, Arquitectura, Podología, Fisioterapia, Enfermería, Ingeniería de Caminos, Canales y Puertos, Ingeniería Náutica y Transporte Marítimo, Ingeniería Marina, Química e Ingeniería Informática. Asimismo también imparte dobles grados tales como el de Derecho y Administración y Dirección de Empresas y programas de simultaneidad de grado, como el de Biología y Química. Cuenta con residencias de estudiantes públicas en los campus de Ferrol y La Coruña.",16847,http://dbpedia.org/resource/Public_university,http://dbpedia.org/resource/University_of_A_Coruña
Universidad de Granada,Granada,Desconocido,http://dbpedia.org/resource/Pilar_Aranda_Ramírez,"La Universidad de Granada (UGR) es una universidad pública española con sede en Granada y con campus en las ciudades de Granada, Ceuta y Melilla. Es la cuarta universidad de España por número de estudiantes, miembro del Grupo Coimbra, de la Asociación Universitaria Iberoamericana de Postgrado y el ​ La Universidad de Granada fue fundada oficialmente en 1531 por Carlos I de España. Por tanto, tiene casi quinientos años de historia y es considerada por ello como una de las universidades históricas de España.​ La Universidad de Granada se sitúa entre las diez primeras de España​​ y desde hace varios años ocupa el primer puesto en los estudios de traducción e interpretación, impartiendo docencia de lenguas tales como el portugués, italiano, danés, neerlandés, checo, polaco, rumano, búlgaro, ruso, griego moderno, hebreo, árabe o turco, y albergando además el único Centro Ruso​ que la Fundación Russkiy Mir mantiene en España. A nivel mundial, es una de las cincuenta mejores universidades en ingeniería informática y una de las cien primeras en matemáticas.​ La UGR es desde hace varios años la primera universidad europea en recepción y envío de estudiantes en el programa Erasmus ""tradicional"" de movilidad europea, en tanto que en el nuevo programa Erasmus+ es líder a nivel nacional, con alrededor de 5000 movilidades anuales concedidas. Todo ello hace que sea el primer destino europeo dentro de este programa de movilidad.8 Además, ha sido seleccionada como una de las mejores universidades españolas por los estudiantes internacionales en la edición 2016 de Study Portals International. La investigación universitaria granadina es la mejor del sur de España, una de las tres mejores a nivel nacional y se mantiene por tercer año consecutivo entre las 300 mejores universidades del mundo, según la clasificación del Ranking Académico de las Universidades del Mundo (ARWU) También es la primera universidad española en ayuda oficial al desarrollo.​",60000,http://dbpedia.org/resource/Public_university,http://dbpedia.org/resource/University_of_Granada
Universidad Isabel I,Burgos,2008,Desconocido,"La Universidad Isabel I de Castilla es una universidad privada, a distancia, con sede central en la ciudad española de Burgos, con una sede en Valladolid y otra en Miranda de Ebro. La oferta docente consta de grados y másteres oficiales online, además de títulos propios de posgrado y escuela de idiomas, todo adaptado al Espacio Europeo de Educación Superior. Es la primera universidad española y la segunda en Europa en ofrecer los grados de Ciencias de la Actividad Física y del Deporte (CAFD) y Nutrición Humana y Dietética de manera semipresencial.​",8000,http://dbpedia.org/resource/Private_university,http://dbpedia.org/resource/Universidad_Isabel_I
Universidad de Extremadura,Plasencia,1973,http://dbpedia.org/resource/Segundo_Píriz_Durán,"La Universidad de Extremadura​ (UEx) es una universidad pública con rectorado en la ciudad de Badajoz (Comunidad Autónoma de Extremadura, España) fundada en 1973.​ Es la única universidad de la comunidad autónoma, con dos campus, en Cáceres y , y dos centros universitarios en Plasencia y Mérida. En el curso 2020-21 ha contado con 20 509 alumnos matriculados.​ Junto a las universidades de Cantabria, Castilla-La Mancha, Islas Baleares, La Rioja, Navarra, Oviedo, País Vasco y Zaragoza, forma el Grupo 9 de Universidades.",Desconocido,http://dbpedia.org/resource/Public_University,http://dbpedia.org/resource/University_of_Extremadura
Universidad CEU San Pablo,Madrid,1993,Desconocido,"La Universidad CEU San Pablo​ es una universidad española privada y católica, con sede en Madrid y campus en Madrid y Alcorcón.​ Sus valores se rigen por el ideario de la Iglesia católica y el denominado humanismo cristiano.",Desconocido,http://dbpedia.org/resource/Private_university,http://dbpedia.org/resource/Universidad_CEU_San_Pablo
Universidad Europea de Canarias,La Orotava,2012,Desconocido,"La Universidad Europea de Canarias​ (UEC) es la primera​ institución de educación superior privada de las Islas Canarias​ (España). Comenzó su actividad en octubre de 2012, teniendo su sede en el municipio de La Orotava (Santa Cruz de Tenerife)​ y próximamente en Santa Cruz de Tenerife.",Desconocido,http://dbpedia.org/resource/Private_university,http://dbpedia.org/resource/Universidad_Europea_de_Canarias
Universidad de Huelva,Huelva,Desconocido,Desconocido,"La Universidad de Huelva (UHU) es una universidad pública española de la provincia homónima con facultades en las localidades de Huelva y Palos de la Frontera, en su sede de La Rábida. Se encuentra incluida en el campus de excelencia internacional.​",Desconocido,http://dbpedia.org/resource/Public_university,http://dbpedia.org/resource/University_of_Huelva
Universidad Católica San Antonio de Murcia,Murcia,Desconocido,Desconocido,"La Universidad Católica San Antonio, conocida también como Universidad Católica de Murcia (UCAM), es una universidad privada, católica, ubicada en Guadalupe, pedanía del municipio de Murcia (España). Es propiedad de la Fundación Universitaria San Antonio (cuyo presidente es José Luis Mendoza)​ y que, al igual que la universidad, lleva el nombre de su patrón: San Antonio de Padua.",10580,Desconocido,http://dbpedia.org/resource/Universidad_Católica_San_Antonio_de_Murcia
Universidad de Almería,Almeria (Nebraska),Desconocido,Desconocido,"La Universidad de Almería (UAL) es una universidad pública española ubicada en la provincia de Almería. Se encuentra situada a orillas del mar Mediterráneo, en el barrio de La Cañada de San Urbano, a 2 km al este de la ciudad de Almería. Fue fundada en 1993 por la ley 3/1993, de 1 de julio.​ y hoy día cuenta con aproximadamente 12.000​ estudiantes. De sus aulas han salido alrededor de 45.000 egresados desde su creación; titulados que han contribuido considerablemente al despegue económico, social y cultural de la provincia de Almería. Con algo más de un cuarto de siglo de historia, la UAL ha crecido de modo acelerado, convirtiéndose en una de las principales universidades de España en investigación y transferencia de conocimiento en campos como la agroalimentación y el medio ambiente. La UAL se constituye como una de las universidades más jóvenes de Andalucía. Con un campus interdisciplinar ubicado a la orilla del mar, la UAL se sitúa estratégicamente entre dos de los principales elementos de identidad de la provincia: hacia el oeste y a escasos kilómetros, la comarca del Poniente donde se concentran buena parte de las explotaciones hortícolas, uno de los principales motores de la economía almeriense y, hacia el este, el Parque Natural Cabo de Gata-Níjar, enclave que simboliza la riqueza medioambiental de la provincia. Profundamente comprometida con su entorno, la UAL ofrece a la sociedad un abanico de titulaciones estrechamente vinculadas con las necesidades de diversos sectores productivos. La UAL no solo es reconocida por su implicación con la innovación y calidad docente y por su vocación científica y emprendedora, sino también por su clara apuesta por la digitalización, la internacionalización, la sostenibilidad, la igualdad y la inclusión como ejes estratégicos complementarios. El presupuesto obtenido para el 2020 alcanzó los 103.460.258,31 €.",11825,Desconocido,http://dbpedia.org/resource/University_of_Almería
Universidad de Cervera,Cervera,Desconocido,Desconocido,"La Universidad de Cervera es un edificio construido entre 1718 y 1740 ubicado en el municipio de Cervera, en la comarca de la Segarra (Lérida) España.",Desconocido,Desconocido,http://dbpedia.org/resource/University_of_Cervera
Universidad Rovira i Virgili,Reus,1991,http://dbpedia.org/resource/María_José_Figueras,"La Universidad Rovira i Virgili​ (URV) —en catalán Universitat Rovira i Virgili— es una universidad pública con centros en Tarragona, Reus, Vilaseca, Tortosa y Vendrell, que tiene como objetivos prioritarios la docencia y la investigación. Se denomina así en recuerdo de Antoni Rovira i Virgili. Ha sido reconocida como Campus de Excelencia Internacional Cataluña Sur. (CEICS) por el Ministerio de Educación. Desde 2013 dispone de una Unidad de Comunicación de la Ciencia y de la Innovación (UCC+i) -llamada ComCiència-​ para comunicar, difundir y divulgar la investigación científica que genera la universidad y los centros del CEICS, con el fin de mejorar e incrementar la formación, la cultura y los conocimientos científicos de los ciudadanos.​ La URV ha estado en el ranking 3 años consecutivos (2015, 2016 y 2017) entre las 500 mejores universidades del mundo, según la prestigiosa publicación británica Times Higher Education (THE).",12000,http://dbpedia.org/resource/Public_university,http://dbpedia.org/resource/University_of_Rovira_i_Virgili
Universidad de Oviedo,Oviedo,Desconocido,http://dbpedia.org/resource/Ignacio_Villaverde,"La Universidad de Oviedo es una universidad pública ubicada en la ciudad de Oviedo (Asturias, España), con campus en Oviedo, Gijón y Mieres. Es la única universidad de la comunidad autónoma, donde no existen universidades privadas. Fue una de las diez universidades de España durante el siglo XIX. La Universidad de Oviedo forma parte como miembro fundador del Grupo 9 de Universidades (G9) españolas, creado en 1997 con el objetivo de promover la colaboración entre las instituciones universitarias que lo integran, tanto en lo que respecta a las actividades docentes e investigadoras como a las de gestión y servicios.",19298,http://dbpedia.org/resource/Public_university,http://dbpedia.org/resource/University_of_Oviedo
Universidad de Jaén,Linares (Jaén),1993,Desconocido,"La Universidad de Jaén (UJA) es una universidad pública con sede en Jaén, Andalucía (España). Se trata de una universidad joven creada mediante la Ley 5/1993 del Parlamento de Andalucía de 1 de julio de 1993 con el objetivo de educar y albergar la nueva generación de científicos, economistas, ingenieros y profesionales de la salud. ​ Es la sucesora regional de la antigua Universidad de Baeza, que fue establecida en 1538 por el Papa Paulo III en el extinto Reino de Jaén y es ahora declarada Patrimonio de la Humanidad por la UNESCO.​ Posee la mayoría de sus centros en el Campus Las Lagunillas de Jaén aunque también posee centros en las ciudades jienenses de Linares y Úbeda. En septiembre de 2015 entró en funcionamiento el Campus Científico-Tecnológico de Linares. Antes de ser considerada una universidad independiente, varios centros de investigación fueron dependientes de la Universidad de Granada. Según el ranking publicado en 2021 por la revista Times Higher Education, la institución se sitúa entre las 100 mejores en seguir los Objetivos de Desarrollo Sostenible de la Organización Naciones Unidas, al promulgar la investigación, desarrollo y uso de la energía solar y fotovoltaica.​, también encontrándose entre las 50 mejores universidades de menos de cincuenta años.​",16990,http://dbpedia.org/resource/Public_university,http://dbpedia.org/resource/University_of_Jaén
Universidad de León,León (España),1979,Desconocido,"La Universidad de León (UDL) es una universidad privada con sede en la ciudad de León, Guanajuato, México, que actualmente[¿cuándo?] cuenta con 18 planteles en diferentes municipios y estados del país.",13,http://dbpedia.org/resource/Public_University,http://dbpedia.org/resource/University_of_León
Universidad de Sevilla,Sevilla,Desconocido,Desconocido,"La Universidad de Sevilla (US) es una universidad pública con sede en Sevilla, Andalucía (España). Es una de las dos universidades públicas de Sevilla, junto con la Universidad Pablo de Olavide. Es la tercera universidad española en número de estudiantes y la primera de Andalucía, así como una de las más antiguas, con más de 500 años. En el Ranking de Times Higher Education​ se encuentra entre las 600-800 mejores universidades y entre las mejores 400 en Ingeniería y Tecnología y también en Ciencias informáticas a nivel mundial en 2019. Más de ochenta mil personas integran la comunidad universitaria entre alumnos, profesores y profesionales de administración y servicios. Cuenta con un notable patrimonio histórico artístico, en el que destacan siete edificios declarados Bien de Interés Cultural, miles de obras de arte,​ así como un importante archivo histórico.​ Es impulsora, junto con la Universidad de Málaga, del proyecto Andalucía TECH, que obtuvo la categoría de Campus de Excelencia Internacional otorgada por el Ministerio de Educación español.​ La Biblioteca de la Universidad de Sevilla, con 1.507.097 volúmenes, es la tercera biblioteca universitaria más grande de España después de la Biblioteca de la Universidad Complutense de Madrid y la Biblioteca de la Universidad de Barcelona.​",69,http://dbpedia.org/resource/Public_university,http://dbpedia.org/resource/University_of_Seville
Universidad de Vigo,Vigo,Desconocido,Desconocido,"La Universidad de Vigo (UVigo) es una universidad pública con sede en Vigo, España. Tiene campus en tres ciudades: Vigo, Pontevedra y Orense. La Universidad de Vigo desarrolla su actividad con independencia administrativa dentro del Sistema universitario de Galicia y forma parte de la Comisión Interuniversitaria de Galicia (CiUG), órgano perteneciente a la Consejería de Educación y Ordenación Universitaria de la Junta de Galicia. En el 2010 la universidad se convirtió en centro del campus de excelencia internacional interuniversitario Campus del Mar, en el que participan las tres universidades gallegas y varias del norte de Portugal, así como también el IEO y CSIC.​​",18577,http://dbpedia.org/resource/Public_university,http://dbpedia.org/resource/University_of_Vigo
Universidad de La Laguna,San Cristóbal de La Laguna,reorganized in 1989,Desconocido,"La Universidad de La Laguna (ULL) es una universidad pública situada en la ciudad de San Cristóbal de La Laguna, en Tenerife (España). Es el centro de educación superior más antiguo de Canarias, con más de doscientos veinte años de historia. Actualmente, está compuesta por más de 25.000 personas, entre alumnado, profesorado y personal de administración y servicios. Para el curso universitario 2018/2019, la Universidad ofrece 18 títulos propios de posgrado, que si se suman a la oferta oficial de especialización, de 33 másteres oficiales, dan lugar a 51 propuestas de posgrado de este centro académico. 46 grados universitarios y 52 programas de doctorado verificados con el Real Decreto de Doctorado 99/2011 La ULL se halla en un proceso de renovación interna en el cual se potenciarán las nuevas tecnologías de la información y la educación telemática, centralizada en su Unidad de Docencia Virtual. La posición tricontinental estratégica de Canarias emplaza a sus universidades a adoptar una posición de referencia y liderazgo en la región atlántica que ocupan.​",Desconocido,http://dbpedia.org/resource/Public_university,http://dbpedia.org/resource/University_of_La_Laguna
Universidad de Murcia,Murcia,1915,Desconocido,"La Universidad de Murcia (UM) es una universidad pública española ubicada en la Región de Murcia (España). Sus centros se encuentran distribuidos en cinco campus. Fundada originalmente en 1272​bajo la corona de Castilla y posteriormente en 1915.​Tiene más de 34.000 alumnos​y una universidad con reconocimiento a nivel nacional e internacional. Pertenece al programa Campus de Excelencia Internacional en el proyecto ""Campus Mare Nostrum"" junto a la Universidad Politécnica de Cartagena.",Desconocido,http://dbpedia.org/resource/Public_university,http://dbpedia.org/resource/University_of_Murcia
Universidad de Santiago (estación),Santiago de Compostela,Desconocido,Desconocido,"La Universidad de Santiago de Compostela (en gallego y oficialmente Universidade de Santiago de Compostela - USC) es una universidad pública con sede en Santiago de Compostela, Galicia (España), y campus en Santiago de Compostela y Lugo. Fue fundada en 1495 por Lope Gómez de Marzoa y es, con sus más de 500 años, la universidad de más larga tradición de Galicia, y una de las más antiguas del mundo. Ya desde sus inicios, la Universidad gozó de un importante impulso cultural y económico bajo el arzobispado de Alonso III de Fonseca, hombre culto, mecenas y amigo de Erasmo de Róterdam. Así, desde principios del siglo XVI, la Universidad contará con varios Colegios Universitarios donde se impartirán estudios de Teología, Gramática y Arte, oferta formativa que se verá pronto completada con las carreras de Derecho y Medicina. La USC tendrá gran importancia durante el período de la Ilustración, por lo que el rey Carlos III distinguirá a esta Universidad con el título de Real y añadirá el símbolo de la Corona que, junto con las armas de Castilla, León y Galicia, y los emblemas de los fundadores de la institución, conforman el blasón de la Universidad. Poco después, los estudiantes dieron ejemplo de patriotismo formando el famoso Batallón Literario que combatió contra los franceses durante la Guerra de Independencia Española. En el siglo XX se produjo un espectacular crecimiento en el número de estudiantes y titulaciones ofertadas, por lo que surgen nuevas facultades y campus universitarios, creándose además dos nuevas instituciones (la Universidad de Vigo y la Universidad de La Coruña) que complementarán la oferta educativa de la Universidad capitolina. Actualmente la Universidad está finalizando la adaptación al EEES y oferta una gran cantidad de títulos de grado, máster y doctorado de todas las áreas de conocimiento.En el año 2009 la USC ha sido reconocida por su proyecto Campus Vida como Campus de Excelencia Internacional por el Ministerio de Educación, distinción que la sitúa entre las 9 mejores universidades del país. El objetivo de la universidad a corto plazo es convertirse en uno de los 100 mejores campus biosanitarios de la Unión Europea. La Biblioteca de la Universidad de Santiago de Compostela, con 1 227 796 volúmenes, es la quinta biblioteca universitaria más grande de España tras la Biblioteca de la Universidad Complutense de Madrid y las bibliotecas de la Universidad de Barcelona, la Universidad de Sevilla y la Universidad de Valencia.​ Por otro lado, cuenta con un repostiorio en línea, donde se pueden consultar libros, revistas, Trabajos de Fin de Grado (TFG), Trabajos de Fin de Máster (TFM), tesis... Y PreLo una plataforma de préstamo de libros en línea, que funciona igual que una biblioteca física pero con documentos en formato PDF y ebook.",Desconocido,http://dbpedia.org/resource/Public_university,http://dbpedia.org/resource/University_of_Santiago_de_Compostela
Universidad de Vich - Universidad Central de Cataluña,Vic,1599,http://dbpedia.org/resource/Josep_Eladi_Baños,"La Universidad de Vich - Universidad Central de Cataluña​​ (en catalán Universitat de Vic - Universitat Central de Catalunya), reconocida por la Ley del Parlamento de Cataluña 5/1997, de 30 de mayo, es una universidad, regida por la Fundación Universitaria Balmes, que preside la alcaldesa de Vich, establecida en Vich y Manresa. Es miembro de la Red de Universidades Instituto Joan Lluís Vives.​ Es una institución dedicada a la educación superior y a la investigación mediante la docencia y la formación continuada, y tiene sus fundamentos en el principio de autonomía universitaria, expresada en la libertad de cátedra, de investigación y de estudio. El emblema de la Universidad de Vich - Universidad Central de Cataluña es la A de Carlomagno, pieza de orfebrería carolingia que simboliza los principios del saber y su expansión ilimitada. La divisa que orienta a la universidad, Scientiae patriaeque impendere vitam, es un verso de Lucano que significa ""Dedicar la vida al servicio de la ciencia y la comunidad"".",15,Desconocido,http://dbpedia.org/resource/University_of_Vic_-_Central_University_of_Catalonia
Universidad de Lérida,Lérida,Desconocido,Desconocido,"La Universidad de Lérida (oficialmente y en catalán, Universitat de Lleida)​ es una universidad pública española situada en Lérida. Es heredera del medieval .​",10625,Desconocido,http://dbpedia.org/resource/University_of_Lleida
Parque Científico de la Universidad de Valencia,Paterna,Desconocido,Desconocido,"El Parque Científico de la Universidad de Valencia (PCUV), oficialmente en valenciano, Parc Científic de la Universitat de València, es una iniciativa orientada a estrechar los vínculos entre el potencial científico universitario y el sistema productivo, generando conocimiento, fomentando los procesos de innovación, impulsando la creación de empresas de base científico-técnica y contribuyendo, así, al desarrollo económico y social de nuestro entorno. Es un instrumento esencial de la Universidad para desarrollar, junto a la docencia y la investigación científica, su tercera misión: la transferencia de conocimientos. Difunde y explota los resultados de investigación en la sociedad, contribuyendo al desarrollo regional basado en el conocimiento. Es, en suma, un conjunto estructurado de recursos que operan como nexo entre la ciencia y el entorno productivo y donde las empresas se nutren de ideas. En un ambiente académico, junto a diferentes centros de investigación de la Universitat de València y del Consejo Superior de Investigaciones Científicas (CSIC), el PCUV proporciona espacios y presta servicios a empresas derivadas de la investigación universitaria –spin-off– y a compañías externas o departamentos de I+D empresariales con contenidos afines a la naturaleza de este organismo para la innovación, cuya misión es generar empleo, riqueza y bienestar mediante la rentabilización social del conocimiento. El PCUV dispone de un área científica compuesta por seis institutos de investigación, dos centros singulares y una importante infraestructura de servicios y equipamientos para la investigación; y de un área empresarial que actualmente aloja a más de ochenta empresas jóvenes o ya consolidadas, principalmente de los sectores de Biotecnología y Tecnologías de la Información y la Comunicación (TIC). El PCUV forma parte del VLC/CAMPUS que tiene el reconocimiento como Campus de Excelencia Internacional por el Gobierno de España. Además, el PCUV es Oficina Técnica de la RedEmprendia (Red Universitaria Iberoamericana de Incubación de Empresas), que posibilita la expansión de las empresas afines a los Parques Científicos de las Universidades que componen dicha red. También es miembro de la rePCV (Red de Parques Científicos Valencianos), APTE (Asociación de Parques Científicos y Tecnológicos de España) y la IASP (International Association of Science and Technology Parks). La Fundació Parc Científic Universitat de València El 9 de marzo de 2009 se constituyó la Fundació Parc Científic Universitat de València,​ constituida bajo la tutela del protectorado de la Generalidad Valenciana, cuyos patronos fundadores son: Fundación Bancaja, Banco Santander, Cámara de Comercio de Valencia y la Confederación Empresarial Valenciana, además de la Universitat de València. Esta fundación es la entidad gestora del PCUV y su objeto social es promover el desarrollo tecnológico, la transferencia de conocimientos y la innovación industrial, entre otros.",Desconocido,Desconocido,http://dbpedia.org/resource/University_of_Valencia_Science_Park
Hegoa,Lejona,Desconocido,http://dbpedia.org/resource/Eva_Ferreira,"La Universidad del País Vasco (en euskera: Euskal Herriko Unibertsitatea; UPV/EHU), anteriormente la Universidad Autónoma de Bilbao, es la universidad pública del País Vasco. Cuenta con más de 35 000 estudiantes y pertenece al Grupo 9 de Universidades. Inicialmente estaba compuesta por las facultades de Ciencias Económicas y Empresariales de Sarriko (1955), Medicina (1968) y Ciencias (1968). Se les unieron, con la Ley General de Educación, la Escuela Náutica (1739), la Escuela Universitaria de Estudios Empresariales de Bilbao (1818) y las Escuelas Técnicas de Ingenieros (1897), hasta llegar a la veintena de centros que la componen en la actualidad, repartidos en tres campus: el campus de Vizcaya, el campus de Guipúzcoa y el campus de Álava. Su lema es Dalo y difúndelo (en euskera Eman ta zabal zazu), que es a su vez un verso del Gernikako Arbola, un himno vasco del siglo XIX.​ Su logotipo, que representa el Árbol de la Ciencia, fue diseñado por el escultor Eduardo Chillida a comienzos de los 80,​​ y se convirtió en símbolo reivindicativo en la Transición.[cita requerida] La actual rectora es Eva Ferreira, que tomó posesión de su cargo el 25 de enero de 2021.​",44921,http://dbpedia.org/resource/Public_University,http://dbpedia.org/resource/University_of_the_Basque_Country
Universidad de Zaragoza,Provincia de Zaragoza,As the School of Zaragoza,Desconocido,"La Universidad de Zaragoza es un centro de educación superior público repartido geográficamente entre los campus de Zaragoza, Huesca, Jaca, Teruel y La Almunia de Doña Godina, todos ellos en la comunidad autónoma de Aragón (España). Fundada en 1542, reúne en 2014 a más de 30 000 estudiantes y 3000 miembros docentes​ entre sus 22 centros y 74 titulaciones y estudios propios. Su actual rector es José Antonio Mayoral Murillo.​",36492,http://dbpedia.org/resource/Public_university,http://dbpedia.org/resource/University_of_Zaragoza
Universidad Católica de Valencia San Vicente Mártir,Valencia,2003,http://dbpedia.org/resource/Asunción_Gandía_Balaguer,"La Universidad Católica de Valencia ""San Vicente Mártir"" es una universidad privada y católica, con sede en Valencia, Comunidad Valenciana (España) y con campus en Valencia, Godella, Burjasot, Torrente, Alcira y Játiva. En ella se imparten 27 títulos de Grado, 18 Dobles Titulaciones y más de 100 Másteres y Posgrados. Cuenta con 11 Cátedras y 20 Institutos de Investigación, 543 investigadores, 76 Grupos de Investigación y se desarrollan 28 programas de voluntariado a nivel local y 2 a nivel internacional. Además el 86% de sus graduados trabajan en un puesto relacionado con sus estudios.",13,Desconocido,http://dbpedia.org/resource/Valencia_Catholic_University_Saint_Vincent_Martyr
Escuela Superior de Enseñanzas Técnicas,Alfara del Patriarca,1987,Desconocido,"La Escuela Superior de Enseñanzas Técnicas (cuyo acrónimo es ESET) es una escuela de Arquitectura, Diseño Industrial e Ingeniería perteneciente a la Universidad CEU Cardenal Herrera de carácter privada. Las titulaciones que imparte son las de Arquitectura, Diseño Industrial y varias variantes de Ingeniería. Completa su programa educativo con dos Máster de Arquitectura: Diseño Arquitectónico Sostenible y Evaluación Energética de la Edificación y el de Industrialización y Prefabricación Arquitectónica. En el caso de Diseño cuenta con el Máster en Ingeniería del Diseño.",Desconocido,Desconocido,http://dbpedia.org/resource/ESET_Technical_School_of_Engineering
Instituto de Arquitectura Avanzada de Cataluña,Barcelona,Desconocido,Desconocido,"El Instituto de Arquitectura Avanzada de Cataluña (en catalán, Institut d'Arquitectura Avançada de Catalunya, IAAC) es un centro educativo y de investigación dedicado al desarrollo de una arquitectura capaz de hacer frente a los desafíos mundiales en la construcción de la habitabilidad a principios del siglo XXI. Con sede en el distrito 22@ de Barcelona, una de las capitales mundiales de la arquitectura y el urbanismo, IAAC es una plataforma para el intercambio de conocimiento con profesores y estudiantes de más de 40 países, incluidos Estados Unidos, China, India, Noruega, Polonia, Italia y México, Perú y Sudán. Los estudiantes trabajan simultáneamente en múltiples escalas (ciudad, construcción, fabricación) y en diferentes áreas de especialización (ecología, energía, fabricación digital, nuevas tecnologías), siguiendo sus propias líneas de investigación en el camino hacia el desarrollo de un conjunto integrado de habilidades con las cuales puedan actuar de manera efectiva en su país de origen o en todo el mundo. El IAAC ha llevado a cabo proyectos de investigación en Brasil, Taiwán, Croacia y Rumania. En 2008 fue elegida para participar en la sección oficial de la Bienal de Venecia con el proyecto Hyperhabitat y en 2010 presentó una casa a escala 1:1 en el Solar Decathlon Europe de Madrid donde ganó el premio Peoples Choice Award que cuenta con el laboratorio de producción digital más avanzado de cualquier institución educativa del sur de Europa, con cortadoras láser, impresoras 3D, fresadoras y una plataforma para la fabricación de chips. IAAC también diseñó el primer puente impreso en 3D del mundo en colaboración con Acciona, que se construyó en Alcobendas (España) en 2016. IAAC ofrece una amplia gama de programas educativos en el campo de la arquitectura avanzada, los edificios ecológicos, la ciudad y la tecnología, la robótica y la construcción avanzada, y el diseño para los futuros emergentes que están acreditados por la Universidad Politécnica de Cataluña (UPC). El Instituto es una fundación abierta, independiente y radical sin ánimo de lucro inspirada en los valores de Barcelona, la capital de la arquitectura y el diseño, donde se inventó el urbanismo y donde una investigación local orientada a la innovación está conectada a una red internacional de excelencia en los campos de la tecnología, la arquitectura y la sociedad. El IAAC, más allá de su trabajo educativo y de investigación, es una comunidad estable, interdisciplinaria y multicultural que busca el contacto y la cooperación permanente entre los cientos de profesores, investigadores, instituciones y empresas que persiguen el objetivo de aportar soluciones a los grandes retos de la humanidad. El Instituto es un centro de innovación que incluye en su organización laboratorios de investigación para la autosuficiencia como Valldaura Labs y el laboratorio de fabricación digital Fab Lab Barcelona, que forma parte de la red global de Fab Labs afiliados al Centro de Bits y Atómos (CBA) del MIT Media Lab.",Desconocido,Desconocido,http://dbpedia.org/resource/Institute_for_Advanced_Architecture_of_Catalonia
Universidad Internacional de La Rioja,Logroño,october 2009,http://dbpedia.org/resource/José_M.ª_Vázquez_García-Peñuela,"La Universidad Internacional de La Rioja (UNIR), es una universidad privada española de educación a distancia con sede central en Logroño y presencia en México, Colombia, Ecuador y Perú. A mediados de 2020 contaba con más de 48.000 alumnos en estudios oficiales,​ de los cuales más de 17.000 son internacionales.​ UNIR tiene más de 108 titulaciones oficiales de Grado y Máster avaladas por la ANECA, 84 títulos propios y estudios avanzados y 3 programas de doctorado en sus facultades de Educación, Empresa y Comunicación, Derecho, Ciencias Sociales y Humanidades, y Ciencias de la Salud; así como en su Escuela Superior de Ingeniería y Tecnología, su Escuela de Idiomas y su Escuela de Doctorado.​",45000,Desconocido,http://dbpedia.org/resource/International_University_of_La_Rioja
Universidad Pontificia Comillas,Madrid,Desconocido,http://dbpedia.org/resource/Society_of_Jesus,"La Universidad Pontificia Comillas es una universidad privada española, dirigida por la Compañía de Jesús, con sede en Madrid (España) y campus en Madrid, Cantoblanco y Ciempozuelos. Fue fundada en Comillas (Cantabria) en 1890. Sus facultades se conocen bajo las marcas ICAI, ICADE y CIHS. Se trata de una de las universidades privadas más conocidas de España. Pese a que el número de estudiantes de Comillas no llega al 1 % de universitarios españoles, es el alma mater de un gran número de empresarios, políticos, juristas, investigadores y altos cargos de la Administración española y de la Iglesia católica.​ Así, de los 50 mejores CEO de España según Forbes,​ el 20 % eran alumni de Comillas. En 2021, de los CEO de las empresas del IBEX 35, el 17 % estudiaron en Comillas, 3 en ICAI y 3 en ICADE.​",11149,http://dbpedia.org/resource/Pontifical,http://dbpedia.org/resource/Comillas_Pontifical_University
Saint Louis University Madrid Campus,Madrid,Desconocido,Desconocido,"Saint Louis University ─ Madrid Campus es la filial en España de la Universidad de San Luis en Misuri, ubicada en Madrid. Saint Louis University es una universidad privada, católica (jesuita) fundada en 1818 en los Estados Unidos de América.",Desconocido,http://dbpedia.org/resource/Satellite_campus,http://dbpedia.org/resource/Saint_Louis_University_Madrid_Campus
Escuela Politécnica Superior de Linares,Linares (Jaén),1976,Desconocido,"La Escuela Politécnica Superior de Linares —EPS de Linares o EPSL— es una escuela de ingeniería española perteneciente a la Universidad de Jaén desde el 1 de julio de 1993. Se encuentra ubicada en el municipio jienense de Linares, en la comunidad autónoma de Andalucía. Su origen se remonta a la fusión en 1976 de dos centros emblemáticos en la ciudad de Linares: la Escuela de Minas (1892) y la Escuela Industrial (1910). Posteriormente, ha ido ampliando la variedad de su oferta formativa con titulaciones de ingeniería de telecomunicaciones y de obras públicas. Las instalaciones actuales de la EPS de Linares se localizan, desde el 1 de septiembre de 2015, en el Campus Científico-Tecnológico de Linares. Hasta esa fecha se habían situado en dos edificios que datan de 1949, en la calle Alfonso X «el Sabio» de Linares, donde era conocida popularmente como «la Escuela de Peritos».",Desconocido,Desconocido,http://dbpedia.org/resource/Escuela_Politécnica_Superior_de_Linares
École pour l'informatique et les nouvelles technologies,Tirana,Desconocido,Desconocido,"La Paris Graduate School of Digital Innovation (En francès École pour l'informatique et les nouvelles technologies, también conocida como EPITECH o European Institute of Technology) es una escuela de ingenieros francesa.​ Su sede central está emplazada en Le Kremlin-Bicêtre, en la región parisiense, teniendo además, otras escuelas en Barcelona,​ Burdeos, Rennes, Marsella, Lille, Lyon, Montpellier, Nancy, Nantes, Niza, Estrasburgo, Toulouse, Saint-André (Reunión) y Tirana.​ También es miembro de IONIS Education Group.​ Forma principalmente expertos en informática de muy alto nivel,​ destinados principalmente para el empleo en las empresas. Forma también directores ejecutivos con su MBA.​",5000,http://dbpedia.org/resource/Computer_Science,http://dbpedia.org/resource/Epitech
Basque Center for Applied Mathematics,Bilbao (sitio arqueológico),2008-09-01,Desconocido,"Basque Center for Applied Mathematics (BCAM) (Centro Vasco de Matemática Aplicada) es un centro de investigación internacional en el ámbito de la Matemática Aplicada que forma parte de la red de Centros de Investigación Vascos de Excelencia (BERC) y que desarrolla su actividad en Bilbao desde septiembre del 2008. BCAM, es fruto de una apuesta estratégica innovadora en el marco de la política vasca de ciencia e innovación del Gobierno Vasco y su Departamento de Educación, Universidades e Investigación.​​ BCAM cuenta con el apoyo de Ikerbasque,​ Innobasque y la Universidad del País Vasco (UPV) como socios fundadores y la Diputación Foral de Vizcaya como socio institucional y que cuenta con proyectos industriales y proyecto competitivos del Ministerio de Economía y Competitividad, el European Research Council (ERC) y la (ESF), entre otros. También colabora en el Basque Cybersecurity Centre (BCSC).",Desconocido,Desconocido,http://dbpedia.org/resource/Basque_Center_for_Applied_Mathematics
Real Conservatorio Superior de Música de Madrid,Madrid,Desconocido,Desconocido,"El Real Conservatorio Superior de Música de Madrid es una escuela superior de música, la más antigua institución pública de enseñanza musical en España, que imparte enseñanzas superiores (equivalentes a universitarias) en música. Su historia, de siglo y medio de duración, es representativa de los avatares de la música en la sociedad española. De sus aulas han salido gran parte de los más importantes intérpretes y compositores españoles de los dos últimos siglos.",Desconocido,Desconocido,http://dbpedia.org/resource/Madrid_Royal_Conservatory
Ánima eskola,Bilbao (sitio arqueológico),2009,Desconocido,"Ánima Escuela de Teatro, Cine y Danza es una escuela de arte dramático que imparte enseñanzas artísticas superiores teatrales situada en el Gran Bilbao, en el municipio de Erandio en Vizcaya, País Vasco en España. Se fundó en 2009 por la actriz rusa Marina Shimanskaya y, el entonces su marido, Algis Arlauskas, actor, guionista y director de cine.",Desconocido,http://dbpedia.org/resource/Drama_school,http://dbpedia.org/resource/Ánima_Eskola_School_of_Drama
Musikene,San Sebastián,2001,Desconocido,Musikene (Euskal Herriko goi-mailako musika ikastegia / Centro Superior de Música del País Vasco) fue creado en 2001 y está situado en la ciudad de San Sebastián (España).,Desconocido,http://dbpedia.org/resource/Private_school,http://dbpedia.org/resource/Musikene
Facultad de Informática de Barcelona,Barcelona,1976,Desconocido,"La Facultad de Informática de Barcelona (FIB) es una facultad de la Universidad Politécnica de Cataluña, situada en Barcelona, España. Se creó en 1976, cuatro años más tarde de la formación de la Universidad Politécnica de Cataluña, con el objetivo de impartir la licenciatura de informática.Empezó en 1977-1978 realizando asignaturas de segundo y tercer ciclo.En el curso 1979-1980 empezó a admitir estudiantes de primer ciclo.En 1988-1989 se creó la diplomatura. Actualmente la FIB está situada en el Campus Nord que comparte con la ETSETB (E.T.S. de Ingeniería de Telecomunicaciones de Barcelona) y la ETSECCPB (E.T.S. de Ingeniería de Caminos, Canales y Puertos de Barcelona).",2106,Desconocido,http://dbpedia.org/resource/Barcelona_School_of_Informatics
Universidad Abad Oliva CEU,Barcelona,2003,http://dbpedia.org/resource/Rafael_Rodriguez-Ponga_y_Salamanca,"La Universidad Abad Oliva CEU​ (en catalán y oficialmente: Universitat Abat Oliba CEU)​ es una universidad privada de iniciativa social, sin ánimo de lucro y de inspiración católica, ubicada en Barcelona, España.​ Adquirió dicha condición en 2003 por decreto del Parlamento de Cataluña, que elevó a universidad el homónimo colegio universitario, fundado en 1973. La Universidad adopta el nombre del abad Oliva, conde de Berga y Ripoll, obispo de Vich, reformador de los monasterios de Cuixá y Ripoll, y fundador del de Montserrat; ya que según la Universidad «aspira a hacer suyo el espíritu de quien estableció hace mil años los cimientos de la Cataluña naciente sobre la base de la cultura romana y cristiana».​ Dedica su nombre del abad Oliva, figura clave en la repoblación de Cataluña sobre la base de la cultura romana y cristiana. Y el pactismo político, cuyas Asambleas de Paz y tregua de Dios fueron el precedente de uno de los primeros parlamentos de Europa. Es una de las tres universidades españolas pertenecientes a la Fundación Universitaria San Pablo CEU, una institución fundada en 1933 por el periodista y abogado del Estado Ángel Herrera Oria. Pertenece a la Asociación Católica de Propagandistas, institución creada en 1908 por el jesuita Ángel Ayala. La sede principal de la UAO CEU es el Campus de Bellesguard, en el distrito de Sarriá-San Gervasio. El arquitecto Miguel Ángel Armengou con estudio en Barcelona, diseña y se encarga de la construcción de la Universidad que rodea la iglesia central de la Universidad.",3,http://dbpedia.org/resource/Private_university,http://dbpedia.org/resource/Abat_Oliba_CEU_University
Esade Business School,Barcelona,1958,Desconocido,"Esade Business School es una escuela de negocios de la Universidad Ramon Llull de Barcelona, que dispone también de un campus en Madrid. Ofrece titulaciones de grado y postgrado (tanto máster como doctorado).",7674,http://dbpedia.org/resource/Private_university,http://dbpedia.org/resource/ESADE_Business_School
Esade,Barcelona,Desconocido,Desconocido,"Esade es una institución académica privada de educación superior fundada en 1958, con campus en Barcelona y Madrid, y presente en todo el mundo a través de acuerdos de colaboración con 185 universidades y escuelas de negocios. Actualmente gestiona tres áreas formativas:​ 
* Facultad de Derecho Esade. 
* Esade Business School. 
* Esade Executive Education. Desde 2022, el director general de Esade es Xavier Mendoza.​",10600,http://dbpedia.org/resource/Private_university,http://dbpedia.org/resource/ESADE
Universidad Francisco de Vitoria,Madrid,1993,Desconocido,"La Universidad Francisco de Vitoria es una universidad privada ubicada en Pozuelo de Alarcón, Comunidad de Madrid (España).​ Es una universidad católica, administrada por Regnum Christi. Su nombre rinde homenaje al padre del Derecho Internacional y teólogo Francisco de Vitoria, de la Orden de los Dominicos. Según un estudio del Instituto de Análisis Industrial y Financiero (IAIF) de la Universidad Complutense de Madrid, la Universidad Francisco de Vitoria se sitúa como la segunda universidad privada de la Comunidad de Madrid y la vigésimo cuarta de España en calidad de docencia.​ Forma parte de la Red de Universidades Anáhuac, red universitaria que integra instituciones de Estados Unidos, Italia, México, Chile y España. También forma parte de la red Europe Direct de la Comisión Europea, al ser la universidad titular de uno de los 37 Centros de Documentación Europea existentes en España.",Desconocido,http://dbpedia.org/resource/Roman_Catholic,http://dbpedia.org/resource/Francisco_de_Vitoria_University
Universidad Europea de Madrid,Villaviciosa de Odón,Desconocido,Desconocido,"La Universidad Europea de Madrid es una universidad privada española​ ubicada en Villaviciosa de Odón (Comunidad de Madrid), que cuenta con otro campus en la localidad de Alcobendas. Acoge a más de 16.000 alumnos de 110 nacionalidades distintas. En 2019 fue elegida quinta mejor universidad privada de España, según un ranking de El Mundo.​",Desconocido,http://dbpedia.org/resource/Private_school,http://dbpedia.org/resource/European_University_of_Madrid
Facultad de Veterinaria (León),León (España),1852,Desconocido,"La Facultad de Veterinaria de la Universidad de León es una de las facultades más antiguas y prestigiosas de España. Fue fundada en 1852 como Escuela de Veterinaria de León en el Convento de San Marcos. Hoy se encuentra situada en el Campus Universitario de Vegazana (Universidad de León). La Facultad posee modernas instalaciones dedicadas a la docencia y la investigación, como el Hospital Clínico Veterinario, el Instituto de Desarrollo Ganadero, la Granja Experimental y la Planta de Elaboración de Alimentos. Colabora estrechamente con la , compartiendo algunos edificios del Campus de Vegazana como el Centro de Investigación de Biomedicina y Genética, y el Instituto de Medio Ambiente. Además, varios centros científicos de la comunidad de Castilla y León, funcionan bajo control y al servicio de la Facultad de Veterinaria de León, como son el Instituto de Biotecnología (INBIOTEC) (en colaboración con la FCCBBAA), el Instituto de Toxicología (INTOXCAL) o el Centro de Selección y Reproducción Animal (CENSYRA).",Desconocido,Desconocido,"http://dbpedia.org/resource/Faculty_of_Veterinary_Medicine,_University_of_León"
Universidad Pablo de Olavide,Sevilla,1997,Desconocido,"La Universidad Pablo de Olavide (UPO) es una universidad pública situada en Sevilla, España. Fundada en 1997, es una de las universidades públicas más recientes, y cuenta aproximadamente con algo más de 11 000 alumnos. Destaca su oferta de grados, dobles grados y postgrados en campos como las Ciencias Jurídicas, Ciencias Sociales, Humanidades, Biotecnología, Ciencias Ambientales, Ciencias del Deporte e Informática. En cuanto a la investigación, se sitúa a la cabeza de los rankings nacionales que tienen en cuenta la productividad según tamaño y recursos. El campus de aproximadamente 140 hectáreas se halla al sureste de Sevilla, perteneciendo al término municipal de Dos Hermanas en su mayoría, limitando con lagunas del río Guadaíra.​ También tiene una pequeña presencia en Alcalá de Guadaíra y Sevilla capital. Lleva su nombre en honor del político ilustrado Pablo de Olavide (1725-1803), el cual destacó por la repoblación y la fundación de diversos municipios de Andalucía en el plan de Nuevas Poblaciones de Andalucía y Sierra Morena y en Sevilla como planificador de la ciudad y reformador de la Universidad de Sevilla. La Universidad Pablo de Olavide está concebida en un modelo de campus único, integrando en un mismo espacio todos sus centros y servicios. Aúna de esta manera sus funciones sociales, docentes, de investigación, residenciales y deportivas en un mismo espacio geográfico. Desde Sevilla, se puede acceder al campus mediante transporte público (autobús urbano y Metro), por la red de carriles para bicicletas o en coche por la carretera de Utrera (A-376).",10858,http://dbpedia.org/resource/Public_university,http://dbpedia.org/resource/Pablo_de_Olavide_University
Universidad Politécnica de Valencia,Valencia,1971,Desconocido,"La Universidad Politécnica de Valencia (nombre oficial: Universitat Politècnica de València)​ o UPV es una universidad pública española con sede en Valencia. La UPV está organizada en nueve escuelas técnicas superiores, dos facultades y dos escuelas politécnicas superiores, que se encargan de organizar la docencia de 39 grados, y cuenta con 42 departamentos y 41 centros e institutos de investigación.",37800,http://dbpedia.org/resource/Public_university,http://dbpedia.org/resource/Technical_University_of_Valencia
Escuela Superior de Ingenieros de San Sebastián,Guipúzcoa,1961,Desconocido,"Tecnun, la Escuela de Ingeniería de la Universidad de Navarra, es uno de los centros docentes de la Universidad de Navarra. Se ubica en el Campus Tecnológico de la Universidad de Navarra en San Sebastián, Guipúzcoa (España). El Campus Tecnológico de la Universidad de Navarra cuenta, a su vez, con dos sedes, una ubicada en el campus Universitario de Ibaeta y otra en el Parque Tecnológico de Miramón, inaugurada en 2006 y diseñado por el arquitecto Patxi Mangado. La actividad científica de la Escuela de Ingeniería se desarrolla en colaboración con los investigadores de Ceit compaginando docencia e investigación.",1489,http://dbpedia.org/resource/Private_school,http://dbpedia.org/resource/Tecnun
Universidad Rey Juan Carlos,Madrid,--07-08,http://dbpedia.org/resource/Javier_Ramos,"La Universidad Rey Juan Carlos (por sus siglas, URJC) es una universidad pública española con sede en la Comunidad de Madrid. Cuenta con campus en Alcorcón, Aranjuez, Fuenlabrada, Madrid y Móstoles. Fundada en 1996, cuenta aproximadamente con 45 458 estudiantes, siendo por ello la segunda universidad de Madrid con mayor número de alumnos matriculados, y la sexta de España.​",45458,http://dbpedia.org/resource/Public_university,http://dbpedia.org/resource/King_Juan_Carlos_University
IES La Rábida,Huelva,1856-06-13,Desconocido,"El Instituto de Educación Secundaria La Rábida (IES La Rábida) es un centro educativo público situado en la ciudad de Huelva, Andalucía, España. Es el centro educativo más antiguo de la provincia,​ llevando más de 160 años abierto. Además, el Instituto es considerado como referente en la educación de toda la provincia.​ El centro docente cuenta con una plantilla de 60 profesores y más de 1000 alumnos matriculados.",1000,Desconocido,http://dbpedia.org/resource/La_Rábida_High_School
Bircham International University,Madrid,1992,Desconocido,"Bircham International University es una institución privada, no acreditada, de educación superior a distancia.​​ Está registrada en España y Delaware, y anteriormente operaba desde las Bahamas.​",Desconocido,http://dbpedia.org/resource/Educational_accreditation,http://dbpedia.org/resource/Bircham_International_University
Universidad Pompeu Fabra,Cataluña,1990-06-18,http://dbpedia.org/resource/Oriol_Amat,"La Universidad Pompeu Fabra (UPF) es una universidad pública española ubicada en la ciudad de Barcelona. Académicamente está entre las 2000 mejores del mundo según la clasificación académica de universidades del THE, y es una de las siete universidades jóvenes que progresa más rápidamente a nivel mundial.​ En los últimos años, la universidad ha comenzado a sobresalir en algunos prestigiosos rankings internacionales. Actualmente imparte 27 titulaciones de grado, 33 másteres y 9 doctorados, así como más de cincuenta titulaciones de máster propias (datos del curso académico 2018-2019).​",9945,http://dbpedia.org/resource/Public_University,http://dbpedia.org/resource/Pompeu_Fabra_University
IE Business School,Madrid,1973,Desconocido,"IE Business School es la escuela de negocios de IE University. Se ubica en Madrid, España. Fundada en 1973 como Instituto de Empresa, está reconocida como una de las principales escuelas de negocios del mundo. Dispone de un campus urbano en Madrid, es una de las más diversas del mundo y supera los 40.000 graduados que trabajan en más de 125 países.​",Desconocido,http://dbpedia.org/resource/Private_university,http://dbpedia.org/resource/IE_Business_School
IE Universidad,Madrid,1973,Desconocido,"IE Universidad​​ (habitualmente referida en inglés como IE University) es una universidad privada española cuyo nombre corresponde a las iniciales de Instituto de Empresa, su sociedad gestora.​ En la actualidad tiene dos campus: uno en Segovia (Castilla y León) y otro en Madrid (Comunidad de Madrid). Los programas IE University se imparten tanto en inglés como en español y sus planes de estudios están adaptados al Espacio Europeo de Educación Superior.",7000,Desconocido,http://dbpedia.org/resource/IE_University
Instituto Barcelona de Estudios Internacionales,Barcelona,2004,Desconocido,"El Instituto Barcelona de Estudios Internacionales (IBEI)​ (en catalán: Institut Barcelona d’Estudis Internacionals) es un instituto interuniversitario de investigación y un centro de enseñanza de posgrado situado en Barcelona. El IBEI fue creado en el año 2004 de manera conjunta por cuatro universidades públicas de Barcelona (Universidad Pompeu Fabra, Universidad de Barcelona, Universidad Autónoma de Barcelona, Universidad Politécnica de Cataluña), la Universidad Abierta de Cataluña y la Fundación CIDOB (Barcelona Centre for International Affairs), con el propósito de impulsar la formación avanzada e investigación en Relaciones Internacionales y materias afines. El actual director del instituto es Jacint Jordana, catedrático de Ciencia Política de la Universidad Pompeu Fabra, su presidente es Narcís Serra, ex Ministro de Defensa y ex Vicepresidente primero del Gobierno de España.",Desconocido,Desconocido,http://dbpedia.org/resource/Institut_Barcelona_d'Estudis_Internacionals
Universidad Miguel Hernández,Elche,1996,Desconocido,"La Universidad Miguel Hernández (UMH), oficialmente Universidad de Miguel Hernández de Elche,​ es una universidad pública española multicampus de la provincia de Alicante cuya sede principal está en Elche.",14000,http://dbpedia.org/resource/Public_University,http://dbpedia.org/resource/Miguel_Hernández_University_of_Elche
Universidad Europea Miguel de Cervantes,Valladolid,2002,Desconocido,"La Universidad Europea Miguel de Cervantes (UEMC) es una universidad privada ubicada en Valladolid, Castilla y León (España).​ Tiene 4500 estudiantes matriculados, repartidos en cuatro centros en los que se imparten los 17 grados, 6 dobles grados, 6 dobles grados internacionales, 11 másteres, un programa de doctorado y numerosos títulos propios que ofrece la universidad, que imparte tanto en su modalidad presencial como en línea.​",Desconocido,http://dbpedia.org/resource/Private_university,http://dbpedia.org/resource/Miguel_de_Cervantes_European_University
Universidad Nacional de Educación a Distancia,Madrid,1972-08-18,http://dbpedia.org/resource/Ricardo_Mairal_Uson,"La Universidad Nacional de Educación a Distancia (UNED) es una universidad pública española de ámbito nacional, creada en 1972 y que se encuentra vinculada administrativamente al Ministerio de Universidades​. Es la primera universidad de España por número de alumnos matriculados, con 156.975 estudiantes.​ Tiene su sede central en la ciudad de Madrid, en los campus universitarios de Senda del Rey y de Ciudad Universitaria, si bien cuenta con una amplia red de centros asociados repartidos por todo el territorio español y parte del extranjero.​ La UNED se caracteriza por ofrecer una modalidad de educación a distancia semipresencial, basada en las nuevas tecnologías y sistemas tradicionales a través de los siguientes medios: cursos virtuales en Internet (foros, videoconferencias, webconferencias, pizarra virtual, laboratorios, etc.), libros de referencia en su campo, apuntes de docentes, en combinación con tutorías presenciales o virtuales en ciudades donde dispone de centros asociados mediante el sistema AVIP. La UNED no exige nota de corte, ni impone cuotas o máximos de estudiantes en cada grado. Los estudios de la UNED están basados en el sistema europeo de créditos European Credit Transfer and Accumulation System (ECTS).",195,http://dbpedia.org/resource/Public_university,http://dbpedia.org/resource/National_University_of_Distance_Education
Universidad Abierta de Cataluña,Barcelona,1994-10-06,http://dbpedia.org/resource/Josep_A._Planell_i_Estany,"La Universidad Abierta de Cataluña​ (en catalán, Universitat Oberta de Catalunya), conocida como la UOC, es una universidad a distancia que se organiza mediante gestión privada.​ Con sede en Barcelona, fue creada en junio de 1995. La oferta académica de la UOC incluye grados, másteres, estudios de posgrado, especializaciones, seminarios, asignaturas para cursar libremente, cursos de idiomas y programas de doctorado.​ Las lenguas que se utilizan para desarrollar la actividad académica son el castellano, el inglés y el catalán, según los requerimientos de cada uno de los programas académicos. La UOC, aun siendo de gestión privada, forma parte de la (ACUP).​ Esta fue creada en el año 2002, e incluye a la Universidad de Barcelona (UB), Autónoma de Barcelona (UAB), Politécnica de Cataluña (UPC), Pompeu Fabra (UPF), y universidades de Gerona (UdG), Lérida (UdL) y Rovira i Virgili (URV).​ También forma parte de la Red Vives de Universidades,​ una red de universidades que imparten cursos en lengua catalana, nombrada en honor al humanista Juan Luis Vives; y de la .​ El (IN3), el (eLC) y el constituyen los tres centros de investigación de la UOC.​ Según la propia universidad, su modelo educativo está basado en la formación continua a través del e-learning.​​",70274,Desconocido,http://dbpedia.org/resource/Open_University_of_Catalonia
Universidad Ramon Llull,Barcelona,1990,Desconocido,"La Universidad Ramon Llull (URL), (en catalán y oficialmente Universitat Ramon Llull), es una universidad privada de inspiración cristiana ubicada en Barcelona, Cataluña (España), nombrada así en homenaje al beato Ramon Llull.",Desconocido,http://dbpedia.org/resource/Private_university,http://dbpedia.org/resource/University_Ramon_Llull
Universidad Internacional de Valencia,Valencia,2008,Desconocido,"La Universidad Internacional de Valencia es una universidad privada de educación en línea. Su sede principal está en Valencia, sin embargo los alumnos pueden acceder a todos sus cursos a distancia. Fue creada en 2008 por la Generalitat Valenciana (el Gobierno Autonómico de la Comunidad Valenciana) como entidad privada sin ánimo de lucro, con el nombre Universidad Internacional Valenciana.​ Al igual que el resto de universidades españolas, está sujeta al ordenamiento universitario vigente.​ La actividad de la Universidad comenzó en 2009, después de que se aprobase el reglamento correspondiente.​ En 2013, la Generalitat vendió el 70% de la sociedad al Grupo Planeta, que se hizo cargo de su gestión.​​",Desconocido,http://dbpedia.org/resource/Private_university,http://dbpedia.org/resource/Valencian_International_University
Universidad de Cantabria,Comillas (Madrid),1972,Desconocido,"La Universidad de Cantabria (UC) es una universidad pública radicada en la comunidad autónoma de Cantabria (España). Tiene quince centros distribuidos en tres campus, uno localizado en Santander, otro situado en Torrelavega y un tercero en Comillas. Para el curso 2017-2018 cuenta con 11.862 alumnos y 1.273 profesores.​ La Universidad de Cantabria ha obtenido la calificación definitiva como Campus de Excelencia Internacional por el Gobierno de España en diciembre de 2014.​ y forma parte como miembro fundador del Grupo 9 de Universidades (G9) españolas, creado en 1997 con el objetivo de promover la colaboración entre las instituciones universitarias que lo integran, tanto en lo que respecta a las actividades docentes e investigadoras como a las de gestión y servicios. También está integrada en la alianza europea de universidades (European University for Customised Education). Anualmente la universidad publica su memoria anual de actividades.​",14205,Desconocido,http://dbpedia.org/resource/University_of_Cantabria
Universidad Nebrija,Madrid,1995,Desconocido,"La Universidad Nebrija es una universidad española privada e independiente, con sede en la ciudad de Madrid y con otros campus en la Comunidad de Madrid. Esta institución educativa fundada en 1995, acoge a más de 12 000 alumnos de 56 nacionalidades diferentes. Su nombre rinde homenaje a Elio Antonio de Nebrija, padre de la primera gramática castellana, escrita en 1492. La Universidad ofrece estudios universitarios​ de grado y posgrado, así como escuela de doctorado, estudios internacionales e idiomas.",12,Desconocido,http://dbpedia.org/resource/Nebrija_University
Facultad de Teología de la Unión Evangélica Bautista de España,Alcobendas,1922,Desconocido,"Facultad de Teología de la Unión Evangélica Bautista de España (FTUEBES) o Seminario Teológico UEBE es un colegio bíblico bautista, en Alcobendas, Comunidad de Madrid, España. Él está afiliado a la Unión Evangélica Bautista de España.",40,http://dbpedia.org/resource/Seminary,http://dbpedia.org/resource/Faculty_of_Theology_of_the_Evangelical_Baptist_Union_of_Spain
ICADE,Madrid,1956,Desconocido,"ICADE es el acrónimo de Instituto Católico de Administración y Dirección de Empresas, institución educativa creada en 1956 y que en 1978 se integró en la Universidad Pontificia Comillas dando lugar a dos facultades de dicha universidad:​ 
* la Facultad de Derecho (ICADE) 
* la Facultad de Ciencias Económicas y Empresariales (ICADE) En la actualidad, según el Manual de Identidad Corporativa de la Universidad Pontificia Comillas, solamente se puede añadir este acrónimo, entre paréntesis, a continuación del nombre oficial de cada una de esas dos facultades, en recuerdo al nombre de la desaparecida institución.​",Desconocido,Desconocido,http://dbpedia.org/resource/ICADE
Escuela Naval Militar (Argentina),Marín (Pontevedra),1717,Desconocido,"La Escuela Naval Militar es el centro de formación para los futuros oficiales de la Armada Española. La Escuela Naval Militar se encuentra en Marín (Pontevedra, Galicia) desde 1943, fecha en que fue trasladada desde su anterior ubicación en la Población naval de San Carlos, San Fernando, Cádiz.Tanto el rey Felipe VI como su padre realizaron parte de su formación militar en la Escuela Naval Militar de Marín. El comandante director de la Escuela Naval es el capitán de navío Pedro Cardona Suanzes.​",Desconocido,Desconocido,http://dbpedia.org/resource/Naval_Military_Academy
Universidad de Gerona,Cataluña,1446,http://dbpedia.org/resource/Quim_Salvi,"La Universidad de Gerona (UdG) (en catalán, Universitat de Girona) es una universidad pública ubicada en Gerona, Cataluña (España). Fue reconocida como universidad el año 1997, fruto de la fusión de diversos centros de estudios universitarios de Gerona adscritos a otras universidades, aunque sus orígenes se remontan al Estudio General, un ente creado en 1446 por Alfonso el Magnánimo. La universidad está formada por cinco campus—los más importantes, el de Montilivi y el del casco antiguo—, aparte del Parque Científico y Tecnológico. En 2009 acogía 12.977 estudiantes y tenía 1200 profesores.​ La UdG forma parte una alianza estratégica con la Universidad de las Islas Baleares, la Universidad de Perpiñán, la Universidad Pierre y Marie Curie y la Universidad de Lérida para formar el «Centro para la investigación y la educación superior-Pirineos Mediterráneo». Además, junto con la Universidad de las Islas Baleares, el Consejo Superior de Investigaciones Científicas y el impulsan el Campus Euromediterráneo del Turismo y del Agua (e-MTA), que en 2011 obtuvo la distinción de Campus de Excelencia Internacional.",15000,http://dbpedia.org/resource/Public_university,http://dbpedia.org/resource/University_of_Girona
Universidad de Castilla-La Mancha,Ayuntamiento de Ciudad Real,1982,Desconocido,"La Universidad de Castilla-La Mancha (UCLM) es una universidad pública española en la comunidad autónoma de Castilla-La Mancha con campus en Albacete, Cuenca, Ciudad Real y Toledo y sedes adicionales en Talavera de la Reina y Almadén. Su actual rector es, desde 2020, Julián Garde. Fue fundada en 1982, arrancando su primer curso académico en 1985, integrando los diferentes centros universitarios existentes en las cuatro provincias y que pertenecían a las universidades Complutense, Autónoma y Politécnica de Madrid, y la Universidad de Murcia (los centros de Albacete). En la actualidad cuenta con 30 000 alumnos y 2300 profesores, ofertando más de 50 titulaciones diferentes de grado y más de 100 de posgrado de todas las áreas del conocimiento.​ La investigación es un pilar fundamental de la universidad, que cuenta con 35 centros e institutos de investigación y desarrollo entre los que destaca el Instituto de Desarrollo Regional así como con el Parque Científico y Tecnológico de Castilla-La Mancha. La Biblioteca de la Universidad de Castilla-La Mancha cuenta con más de 1,3 millones de volúmenes.",Desconocido,http://dbpedia.org/resource/Public_university,http://dbpedia.org/resource/University_of_Castilla–La_Mancha
